,title,url
0,린넨 라이크 세미 와이드 밴딩 팬츠 세트,https://www.musinsa.com/app/goods/1924274?loc=goods_rank
1,에센셜 쿨 코튼 2-PACK 티셔츠,https://www.musinsa.com/app/goods/1848166?loc=goods_rank
2,SL01 섬머 데님 와이드 팬츠 (RAW INDIGO),https://www.musinsa.com/app/goods/1885631?loc=goods_rank
3,스타일 36 데콘 SF - (스웨이드/캔버스) 블랙:마쉬멜로우 / VN0A3MVL2251,https://www.musinsa.com/app/goods/2296705?loc=goods_rank
4,플립플랍 ZEROVITY BIO 블랙,https://www.musinsa.com/app/goods/1439527?loc=goods_rank
5,유니섹스 세미 와이드 밴딩 슬랙스,https://www.musinsa.com/app/goods/750908?loc=goods_rank
6,아크 블랙 메신저백,https://www.musinsa.com/app/goods/1789507?loc=goods_rank
7,산토리니 샌들 레더 블랙 552,https://www.musinsa.com/app/goods/1419869?loc=goods_rank
8,쿨 썸머 에센셜 오픈 카라 니트티 BLACK,https://www.musinsa.com/app/goods/1882658?loc=goods_rank
9,빅 트위치 로고 티셔츠 블랙,https://www.musinsa.com/app/goods/1793420?loc=goods_rank
10,[패키지][페플] 스테이 얼론 + 보드마스터 그래픽 티셔츠 2PACK ( JDST1315+JDST1358),https://www.musinsa.com/app/goods/1921901?loc=goods_rank
11,린넨 라이크 카라 하프 니트 - 8 COLOR,https://www.musinsa.com/app/goods/1954316?loc=goods_rank
12,원턱 와이드 스웨트팬츠 그레이,https://www.musinsa.com/app/goods/2112059?loc=goods_rank
13,빅 트위치 로고 티셔츠 레드,https://www.musinsa.com/app/goods/1793413?loc=goods_rank
14,나틸라 블랙 샌들 24641001,https://www.musinsa.com/app/goods/1010925?loc=goods_rank
15,(22SS) 2 TONE ARCH TEE ROYAL BLUE,https://www.musinsa.com/app/goods/2471760?loc=goods_rank
16,플립플랍 ZEROVITY BIO 크림,https://www.musinsa.com/app/goods/1439535?loc=goods_rank
17,[최현욱 착용](22SS) 2 TONE ARCH TEE WHITE,https://www.musinsa.com/app/goods/1841764?loc=goods_rank
18,포멀릭 리브드 티셔츠 [BLUEGREY],https://www.musinsa.com/app/goods/2510177?loc=goods_rank
19,빅 트위치 로고 티셔츠 화이트,https://www.musinsa.com/app/goods/903340?loc=goods_rank
20,와이드 히든 밴딩 슬랙스 [미디엄 그레이],https://www.musinsa.com/app/goods/1222184?loc=goods_rank
21,척 70 빈티지 캔버스 러쉬블루 168514C,https://www.musinsa.com/app/goods/1493265?loc=goods_rank
22,스타일 36 - (레트로 스포츠) 앰버글로우:마리골드/ VN0A3DZ3VXY1,https://www.musinsa.com/app/goods/2286482?loc=goods_rank
23,시티보이 빅오버 옥스포드 반팔 셔츠_Sky Blue,https://www.musinsa.com/app/goods/1935180?loc=goods_rank
24,척 70 클래식 블랙 162058C,https://www.musinsa.com/app/goods/810034?loc=goods_rank
25,[유아인 착용 상품]와이드 히든 밴딩 슬랙스 [블랙],https://www.musinsa.com/app/goods/1168906?loc=goods_rank
26,듀스 네로 반팔티 화이트,https://www.musinsa.com/app/goods/2368712?loc=goods_rank
27,Turn me On - MOD7w,https://www.musinsa.com/app/goods/1573215?loc=goods_rank
28,척 70 빈티지 캔버스 미드나잇클로버 168513C,https://www.musinsa.com/app/goods/1493229?loc=goods_rank
29,스타일 36 데콘 SF - 블랙:화이트 / VN0A3MVLY281,https://www.musinsa.com/app/goods/733453?loc=goods_rank
30,7 / 29 배송 [쿨탠다드] 테이퍼드 히든 밴딩 크롭 슬랙스 [블랙],https://www.musinsa.com/app/goods/1440874?loc=goods_rank
31,[송필드 PICK][SET] CGP 아치 로고 반팔 크루넥 셋업_멜란지그레이,https://www.musinsa.com/app/goods/2456003?loc=goods_rank
32,올드스쿨 뮬 - 블랙/트루화이트/ VN0A3MUS6BT1,https://www.musinsa.com/app/goods/755374?loc=goods_rank
33,011502 폴로 피케 반팔티,https://www.musinsa.com/app/goods/1871984?loc=goods_rank
34,Deep One Tuck Sweat Shorts [Grey],https://www.musinsa.com/app/goods/1926048?loc=goods_rank
35,BW 아미 - 화이트 / BZ0579,https://www.musinsa.com/app/goods/577636?loc=goods_rank
36,미시간 울버린 피그먼트 반팔티 블랙차콜,https://www.musinsa.com/app/goods/1884943?loc=goods_rank
37,린넨 이지 와이드 데님 팬츠 딥인디고,https://www.musinsa.com/app/goods/2503134?loc=goods_rank
38,DSN-Logo Tee White,https://www.musinsa.com/app/goods/2398381?loc=goods_rank
39,[쿨탠다드] 세미 와이드 히든 밴딩 슬랙스 [블랙],https://www.musinsa.com/app/goods/1436504?loc=goods_rank
40,[ONEMILE WEAR] 3PACK SMALL ARCH OVERSIZED SS SHIRT WHITE / BLUE + SMALL ARCH TEE WHITE,https://www.musinsa.com/app/goods/2611103?loc=goods_rank
41,미니멀 스퀘어 하드레더 벨트,https://www.musinsa.com/app/goods/1961481?loc=goods_rank
42,시티보이 빅오버 옥스포드 반팔 셔츠_White,https://www.musinsa.com/app/goods/1935174?loc=goods_rank
43,[세트][선택] 워싱 린넨 셋업 블랙,https://www.musinsa.com/app/goods/2621630?loc=goods_rank
44,[유아인 착용 상품]테이퍼드 히든 밴딩 크롭 슬랙스 [블랙],https://www.musinsa.com/app/goods/1149328?loc=goods_rank
45,옥스퍼드 A-라인 오버핏 하프 셔츠 블루,https://www.musinsa.com/app/goods/2524456?loc=goods_rank
46,1967 JET BLACK JEANS [WIDE STRAIGHT],https://www.musinsa.com/app/goods/1552753?loc=goods_rank
47,2PACK 수피마 코튼 티셔츠,https://www.musinsa.com/app/goods/2479911?loc=goods_rank
48,어센틱 뮬 - (캔버스) 클래식 화이트:트루 화이트 / VN0A54F7JTT1,https://www.musinsa.com/app/goods/1798263?loc=goods_rank
49,라이트웨이트 크루 삭스 7팩 [화이트],https://www.musinsa.com/app/goods/991339?loc=goods_rank
50,[세트] 반팔티+반바지,https://www.musinsa.com/app/goods/1396653?loc=goods_rank
51,101 나파 블랙 / 26409001,https://www.musinsa.com/app/goods/2322214?loc=goods_rank
52,Black Stardust - MOD1w,https://www.musinsa.com/app/goods/2107115?loc=goods_rank
53,[쿨탠다드] 릴렉스 핏 크루 넥 반팔 티셔츠 [블랙],https://www.musinsa.com/app/goods/1388775?loc=goods_rank
54,엔젤 스트라이프 반팔 티셔츠 블랙,https://www.musinsa.com/app/goods/1403092?loc=goods_rank
55,[핏더사이즈PICK]COMFORT RIP STRING PANTS_OLIVE GREEN,https://www.musinsa.com/app/goods/2493652?loc=goods_rank
56,7 / 22 배송 오버사이즈 풀오버 카라 반팔 셔츠 [BLACK],https://www.musinsa.com/app/goods/2510196?loc=goods_rank
57,바스켓 컴피 - 화이트:블랙 / 381193-02,https://www.musinsa.com/app/goods/2153668?loc=goods_rank
58,루즈핏 오픈카라 텐셀 린넨 셔츠 [네이비],https://www.musinsa.com/app/goods/1008043?loc=goods_rank
59,부클 카라 반팔 니트 - 5 COLOR,https://www.musinsa.com/app/goods/2487717?loc=goods_rank
60,22S/S 오버핏 피케티셔츠 (블랙),https://www.musinsa.com/app/goods/1031260?loc=goods_rank
61,아리조나 에바 블랙 129421,https://www.musinsa.com/app/goods/324275?loc=goods_rank
62,[패키지] 핀스 오버핏 카라 반팔티 2PACK YHST2354,https://www.musinsa.com/app/goods/1911516?loc=goods_rank
63,린넨 라이크 세미 와이드 밴딩 팬츠 - 4 COLOR,https://www.musinsa.com/app/goods/1923315?loc=goods_rank
64,TSHIRT FLOWERMARDI_IVORY NAVY,https://www.musinsa.com/app/goods/2453556?loc=goods_rank
65,7 / 21 배송 썸머 선페이드 셔츠,https://www.musinsa.com/app/goods/2492728?loc=goods_rank
66,썸머 더블턱 와이드 슬랙스[블랙],https://www.musinsa.com/app/goods/2578996?loc=goods_rank
67,[송필드 PICK][SET] CGP 심플 로고 반팔 크루넥 셋업_오트밀,https://www.musinsa.com/app/goods/2457846?loc=goods_rank
68,척 70 클래식 블랙 162050C,https://www.musinsa.com/app/goods/810033?loc=goods_rank
69,척테일러 올스타 블랙 옥스 M9166C,https://www.musinsa.com/app/goods/311052?loc=goods_rank
70,[유아인 착용 상품]세미 와이드 히든 밴딩 슬랙스 [블랙],https://www.musinsa.com/app/goods/1149329?loc=goods_rank
71,[ONEMILE WEAR] 2PACK SMALL ARCH TEE WHITE / BLACK,https://www.musinsa.com/app/goods/2442409?loc=goods_rank
72,NM2DN51A_빅샷,https://www.musinsa.com/app/goods/1034480?loc=goods_rank
73,슈퍼스타 - 블랙:화이트 / EG4959,https://www.musinsa.com/app/goods/1622069?loc=goods_rank
74,Deep One Tuck Sweat Pants [Grey],https://www.musinsa.com/app/goods/1551840?loc=goods_rank
75,마일즈 블랙 슬리퍼 23523001,https://www.musinsa.com/app/goods/1334438?loc=goods_rank
76,브루클린 뉴트로 와이드 워시드 데님 팬츠,https://www.musinsa.com/app/goods/2358429?loc=goods_rank
77,테이퍼드 히든 밴딩 크롭 슬랙스 [라이트 베이지],https://www.musinsa.com/app/goods/1675527?loc=goods_rank
78,카우하이드 토트백,https://www.musinsa.com/app/goods/1576725?loc=goods_rank
79,8 / 8 배송 플립플랍 VIPER 2-PACK,https://www.musinsa.com/app/goods/1926895?loc=goods_rank
80,SL01 섬머 데님 와이드 팬츠 (BLACK),https://www.musinsa.com/app/goods/2071175?loc=goods_rank
81,듀스 네로 반팔티 피그먼트 차콜,https://www.musinsa.com/app/goods/2368710?loc=goods_rank
82,그리폰 블랙 샌들 15695001,https://www.musinsa.com/app/goods/549841?loc=goods_rank
83,[Package]테이퍼드 와이드 원턱 린넨 팬츠_9Color,https://www.musinsa.com/app/goods/2495075?loc=goods_rank
84,7 / 26 배송 린넨 이지 와이드 데님 팬츠 라이트인디고,https://www.musinsa.com/app/goods/2503133?loc=goods_rank
85,[패키지] 2pack 페인트쿨링 피그먼트 반팔 SMST4431,https://www.musinsa.com/app/goods/1955452?loc=goods_rank
86,Blue Stardust - MOD1w,https://www.musinsa.com/app/goods/2261213?loc=goods_rank
87,썸머 더블턱 와이드 슬랙스[그레이],https://www.musinsa.com/app/goods/2578997?loc=goods_rank
88,[MONSTA X 민혁 착용]리커버리 슬리퍼 AFDU78S14,https://www.musinsa.com/app/goods/2440039?loc=goods_rank
89,93 TEE [WHITE],https://www.musinsa.com/app/goods/2500583?loc=goods_rank
90,SL01 섬머 데님 와이드 팬츠 (BLEACH),https://www.musinsa.com/app/goods/1885563?loc=goods_rank
91,버핑레더 유틸리티 플랩 미니 크로스백_Black,https://www.musinsa.com/app/goods/1758217?loc=goods_rank
92,남자 팀버랜드 6인치 프리미엄 부츠 / 10061-713,https://www.musinsa.com/app/goods/451851?loc=goods_rank
93,NO.8 더 굿 쉐퍼드_브라운 (남여공용),https://www.musinsa.com/app/goods/770006?loc=goods_rank
94,[패키지] 코스모 밴딩 숏팬츠 2PACK JMSP2332,https://www.musinsa.com/app/goods/1884480?loc=goods_rank
95,[세트][선택] 스톤 워싱 데님 셋업 블루,https://www.musinsa.com/app/goods/2524570?loc=goods_rank
96,알파바운스 슬라이드 - 블랙:화이트 / BA8775,https://www.musinsa.com/app/goods/497858?loc=goods_rank
97,[미나브X깡스타일리스트] 퓨어코튼 펀칭 카라 니트 [그린],https://www.musinsa.com/app/goods/2477667?loc=goods_rank
98,쿨코튼 2-PACK 베츠 기본 반팔 티셔츠 블랙/화이트,https://www.musinsa.com/app/goods/1939099?loc=goods_rank
99,[Package]와이드 원턱 린넨 하프 팬츠_9Color,https://www.musinsa.com/app/goods/2544588?loc=goods_rank
